title,price
Voguish Women Casual Shoes,₹268
Trendy Casual Shoes,₹260
Stylish Women Sport Shoes,₹315
Stylish Women Casual Shoes,₹351
Fashionate Women Casual Shoes,₹344
Modern Women Casual Shoes,₹340
Unique Attractive Men Casual Shoes,₹233
Classy Women Casual Shoes,₹337
Ravishing Women Casual Shoes,₹313
Unique Attractive Men Casual Shoes,₹324
Modern Women Casual Shoes,₹369
Modern Attractive Men Casual Shoes,₹297
Unique Attractive Men Casual Shoes,₹285
Unique Fashionable Men Casual Shoes,₹275
Fancy Kids Boys Kids Boys Casual Shoes,₹416
Latest Fabulous Men Casual Shoes,₹308
Sports Shoes,₹298
Gorgeous Women Casual Shoes,₹411
Latest Graceful Men Casual Shoes,₹308
Beautiful Men Sneakers,₹511
